"","UNICODE","codeLoc","LATITUDE","LONGITUDE","recentinsp","not_sprayed","probability","uncertainty","time","color"
"1","1.24.11A.167","1.24.11A",-16.42506519,-71.61728844,"0",1,0.0566409810277071,0.174271612632631,9,"#BD0026"
"2","1.24.11A.166","1.24.11A",-16.42512182,-71.61704517,"0",1,0.0343367521649327,0.132692012074565,23,"#BD0026"
"3","1.24.11A.168","1.24.11A",-16.42489328,-71.61757838,"0",1,0.0290602392777018,0.121587867314578,23,"#BD0026"
"4","1.24.9.15","1.24.9",-16.43999191,-71.58559531,"2010-03-30",0,0.024325409601525,0.108555417227565,10,"#BD0026"
"5","1.24.11.105","1.24.11",-16.42922424,-71.60180995,"2013-11-02",0,0.0237532771379336,0.107224582501309,7,"#BD0026"
"6","1.24.11A.165","1.24.11A",-16.42522688,-71.6168683,"0",1,0.0237005246883702,0.107931235224392,23,"#BD0026"
"7","1.24.11A.164","1.24.11A",-16.42571286,-71.61685156,"0",1,0.0196241625551464,0.0983422137997309,23,"#BD0026"
"8","1.24.11A.170","1.24.11A",-16.42545005,-71.61760558,"0",1,0.0188980417098448,0.0938490739727429,9,"#BD0026"
"9","1.24.11A.169","1.24.11A",-16.42512782,-71.61758229,"0",1,0.0187497502605523,0.0890085687654464,9,"#BD0026"
"10","1.24.10.205","1.24.10",-16.43463771,-71.5989228,"2013-11-25",0,0.0180083995777818,0.089104721695236,7,"#BD0026"
"11","1.24.11.106","1.24.11",-16.42932685,-71.60173599,"2010-03-25",0,0.0178998053219244,0.089061622175039,10,"#BD0026"
"12","1.24.11A.160","1.24.11A",-16.4240327,-71.61758814,"0",1,0.0167970596800632,0.0899736593729681,23,"#BD0026"
"13","1.24.10.204","1.24.10",-16.43466362,-71.59900611,"2010-03-29",0,0.0165040226226003,0.0839913085822524,10,"#BD0026"
"14","1.24.11A.53","1.24.11A",-16.4171493,-71.60697628,"0",1,0.0157985836065923,0.0871499753075509,23,"#BD0026"
"15","1.24.11A.103","1.24.11A",-16.42042381,-71.61586282,"0",1,0.0157940479270434,0.0871675009021623,23,"#BD0026"
"16","1.24.11A.25","1.24.11A",-16.41961575,-71.60038199,"0",1,0.0157562463549131,0.0870673088217553,23,"#BD0026"
"17","1.24.11A.61","1.24.11A",-16.42252542,-71.61223053,"0",1,0.0156966332969621,0.0870295709460831,23,"#BD0026"
"18","1.24.9.6","1.24.9",-16.44204251,-71.59104526,"2005-03-28",1,0.015695523413066,0.0867751164043502,15,"#BD0026"
"19","1.24.10.203","1.24.10",-16.43469457,-71.59911513,"2010-03-29",0,0.0156670209136418,0.0824252214164784,10,"#BD0026"
"20","1.24.11A.75","1.24.11A",-16.41148668,-71.61133267,"0",1,0.0156556772926866,0.0865784613541986,23,"#BD0026"
"21","1.24.11A.128","1.24.11A",-16.41528309,-71.62110717,"0",1,0.0155858671930557,0.0865250290647738,23,"#BD0026"
"22","1.24.11A.199","1.24.11A",-16.4349345,-71.6173599,"0",1,0.0155784000822943,0.0865224930302774,23,"#BD0026"
"23","1.24.11A.7","1.24.11A",-16.42512971,-71.60082108,"0",1,0.0155558152578513,0.0862369244671069,23,"#BD0026"
"24","1.24.9.12","1.24.9",-16.44034729,-71.5854784,"2010-03-30",0,0.0155549839824198,0.0826323808026816,10,"#BD0026"
"25","1.24.11A.154","1.24.11A",-16.41972955,-71.61961404,"0",1,0.0155493558999604,0.0865157358763435,23,"#BD0026"
"26","1.24.11A.200","1.24.11A",-16.4353515,-71.61685591,"0",1,0.0155374586048555,0.0862887231424586,23,"#BD0026"
"27","1.24.11A.157","1.24.11A",-16.42236669,-71.61937648,"0",1,0.0155178592126059,0.0863929423639986,23,"#BD0026"
"28","1.24.11A.64","1.24.11A",-16.42442374,-71.61302881,"0",1,0.0155176974216068,0.0861153928795368,23,"#BD0026"
"29","1.24.11A.159","1.24.11A",-16.42295938,-71.61785337,"0",1,0.0155086033955681,0.0861620881575376,23,"#BD0026"
"30","1.24.11A.193","1.24.11A",-16.43174141,-71.61852785,"0",1,0.0154838922841273,0.086147911525023,23,"#BD0026"
"31","1.24.11A.134","1.24.11A",-16.41759318,-71.6227877,"0",1,0.015472734723445,0.0860110228248637,23,"#BD0026"
"32","1.24.10.200","1.24.10",-16.43444961,-71.599503,"2005-03-18",1,0.0154432585338649,0.0838326106452301,15,"#BD0026"
"33","1.24.11A.106","1.24.11A",-16.4159269,-71.6162202,"0",1,0.0154288946098558,0.0858387500114356,23,"#BD0026"
"34","1.24.11A.18","1.24.11A",-16.41760617,-71.60265701,"0",1,0.0154140625374677,0.085818182284025,23,"#BD0026"
"35","1.24.11A.92","1.24.11A",-16.41208858,-71.6138873,"0",1,0.0153942003644465,0.0856696225621267,23,"#BD0026"
"36","1.24.11A.150","1.24.11A",-16.42126357,-71.62414794,"0",1,0.0153668759639642,0.0856864926925192,23,"#BD0026"
"37","1.24.11A.156","1.24.11A",-16.42142734,-71.61931294,"0",1,0.015362199576927,0.0856489269083695,23,"#BD0026"
"38","1.24.11A.56","1.24.11A",-16.41842724,-71.60827164,"0",1,0.0153198758509039,0.085542086501758,23,"#BD0026"
"39","1.24.11A.116","1.24.11A",-16.41398508,-71.61612513,"0",1,0.0153136142529018,0.0855215952567743,23,"#BD0026"
"40","1.24.11A.175","1.24.11A",-16.42694412,-71.61823628,"0",1,0.0152909255362803,0.0854332247894398,23,"#BD0026"
"41","1.24.11A.43","1.24.11A",-16.4194722,-71.60582539,"0",1,0.015277894986676,0.0853789141625642,23,"#BD0026"
"42","1.24.11A.21","1.24.11A",-16.41845999,-71.59919331,"0",1,0.0152645096690557,0.0851655967456031,23,"#BD0026"
"43","1.24.11A.190","1.24.11A",-16.43319376,-71.61477782,"0",1,0.0152455970967559,0.0851520688914311,23,"#BD0026"
"44","1.24.11A.108","1.24.11A",-16.41448687,-71.61517599,"0",1,0.0152364376646966,0.0851416969338628,23,"#BD0026"
"45","1.24.11A.163","1.24.11A",-16.42923311,-71.61462405,"0",1,0.0152299943801861,0.0853583337673637,23,"#BD0026"
"46","1.24.11A.78","1.24.11A",-16.40875238,-71.60845866,"0",1,0.0152259014714954,0.0852472989188454,23,"#BD0026"
"47","1.24.11A.65","1.24.11A",-16.42381625,-71.61379548,"0",1,0.0152103371946241,0.0851761649379383,23,"#BD0026"
"48","1.24.11A.118","1.24.11A",-16.41485263,-71.62089222,"0",1,0.015202576513167,0.0852037514774291,23,"#BD0026"
"49","1.24.11A.123","1.24.11A",-16.41028112,-71.62091742,"0",1,0.0151807552196004,0.0850028423801728,23,"#BD0026"
"50","1.24.11A.96","1.24.11A",-16.41823055,-71.6144082,"0",1,0.0151798494483414,0.0851138798162305,23,"#BD0026"
"51","1.24.11A.130","1.24.11A",-16.41819477,-71.61878218,"0",1,0.0151608695146965,0.0847316521227746,23,"#BD0026"
"52","1.24.11A.184","1.24.11A",-16.42878761,-71.61668158,"0",1,0.015160417158348,0.0849832503817556,23,"#BD0026"
"53","1.24.11A.100","1.24.11A",-16.4215688,-71.61518556,"0",1,0.015150257424921,0.0846463387339575,23,"#BD0026"
"54","1.24.10.199","1.24.10",-16.43445341,-71.59926848,"2010-03-29",0,0.0151488071766303,0.0803019892009058,10,"#BD0026"
"55","1.24.11A.192","1.24.11A",-16.42989255,-71.61810443,"0",1,0.015126161449949,0.0847869387757313,23,"#BD0026"
"56","1.24.11A.51","1.24.11A",-16.4144612,-71.60629367,"0",1,0.0151146525287175,0.0845513378582171,23,"#BD0026"
"57","1.24.11A.124","1.24.11A",-16.41044621,-71.62037171,"0",1,0.0151026038114531,0.0847098086634768,23,"#BD0026"
"58","1.24.11A.67","1.24.11A",-16.41909822,-71.61234329,"0",1,0.0150957222149184,0.0848961419703335,23,"#BD0026"
"59","1.24.11A.191","1.24.11A",-16.4309465,-71.6156453,"0",1,0.0150824428795612,0.084575739660666,23,"#BD0026"
"60","1.24.9.13","1.24.9",-16.44022858,-71.58545368,"2010-03-30",0,0.0150803944277638,0.0798107439776253,10,"#BD0026"
"61","1.24.11A.102","1.24.11A",-16.42004127,-71.61572077,"0",1,0.0150766910663338,0.0844514755206058,23,"#BD0026"
"62","1.24.11A.183","1.24.11A",-16.42815074,-71.61795368,"0",1,0.0150735082297295,0.0845277959551685,23,"#BD0026"
"63","1.24.11A.153","1.24.11A",-16.42004994,-71.62010277,"0",1,0.0150652016046378,0.0846356631470425,23,"#BD0026"
"64","1.24.11A.57","1.24.11A",-16.41931587,-71.60874159,"0",1,0.0150644832655259,0.0844921584914082,23,"#BD0026"
"65","1.24.11A.79","1.24.11A",-16.41021396,-71.6072875,"0",1,0.0150265947234359,0.084218817988844,23,"#BD0026"
"66","1.24.11A.28","1.24.11A",-16.42347794,-71.60421999,"0",1,0.0150161998058035,0.0841190668283183,23,"#BD0026"
"67","1.24.11A.171","1.24.11A",-16.42360417,-71.62093225,"0",1,0.015009610704972,0.0844279096752473,23,"#BD0026"
"68","1.24.11A.80","1.24.11A",-16.41129539,-71.60757703,"0",1,0.0149929059634509,0.0841049676702936,23,"#BD0026"
"69","1.24.11A.198","1.24.11A",-16.43423105,-71.61749206,"0",1,0.014981426520077,0.0841696608840468,23,"#BD0026"
"70","1.24.11A.59","1.24.11A",-16.4218235,-71.6104266,"0",1,0.0149724810176913,0.0841541230884163,23,"#BD0026"
"71","1.24.11A.107","1.24.11A",-16.41555977,-71.61587105,"0",1,0.0149668001054126,0.0840228869307408,23,"#BD0026"
"72","1.24.11A.89","1.24.11A",-16.41180524,-71.61585535,"0",1,0.014966206895246,0.0842162498559778,23,"#BD0026"
"73","1.24.11A.197","1.24.11A",-16.43396494,-71.61830054,"0",1,0.0149626513164822,0.0839448886080559,23,"#BD0026"
"74","1.24.11A.181","1.24.11A",-16.43261106,-71.62063645,"0",1,0.0149602450241243,0.0840953506227705,23,"#BD0026"
"75","1.24.11A.36","1.24.11A",-16.42665865,-71.60702869,"0",1,0.0149578930696643,0.0838086168677901,23,"#BD0026"
"76","1.24.11A.11","1.24.11A",-16.42303125,-71.59882716,"0",1,0.0149504798655122,0.084045691588131,23,"#BD0026"
"77","1.24.11A.129","1.24.11A",-16.41781358,-71.6189216,"0",1,0.014946012091804,0.0838846980328036,23,"#BD0026"
"78","1.24.11A.135","1.24.11A",-16.41711942,-71.62332332,"0",1,0.0149366034998451,0.0839197243649478,23,"#BD0026"
"79","1.24.11A.194","1.24.11A",-16.4320575,-71.6189105,"0",1,0.0149299985647664,0.0839636916815425,23,"#BD0026"
"80","1.24.11A.9","1.24.11A",-16.42385038,-71.59987007,"0",1,0.0149215201280098,0.0838840753991537,23,"#BD0026"
"81","1.24.11A.148","1.24.11A",-16.42068879,-71.62587091,"0",1,0.0149213955762417,0.0840340923212676,23,"#BD0026"
"82","1.24.11A.109","1.24.11A",-16.41387099,-71.61680229,"0",1,0.0149187143580598,0.0840827748741791,23,"#BD0026"
"83","1.24.11A.47","1.24.11A",-16.4145057,-71.6049268,"0",1,0.0149172060454549,0.0837619093353435,23,"#BD0026"
"84","1.24.11A.13","1.24.11A",-16.41975454,-71.59672735,"0",1,0.0149088526668613,0.0837824042976029,23,"#BD0026"
"85","1.24.11A.189","1.24.11A",-16.43219928,-71.61504963,"0",1,0.0149029850790348,0.0837646174407798,23,"#BD0026"
"86","1.24.11A.71","1.24.11A",-16.41429977,-71.61039616,"0",1,0.0149028223216882,0.0837215375308434,23,"#BD0026"
"87","1.24.11A.41","1.24.11A",-16.42115229,-71.60629053,"0",1,0.01489190432503,0.0837191341349832,23,"#BD0026"
"88","1.24.11A.62","1.24.11A",-16.42328937,-71.61320747,"0",1,0.0148635854133096,0.0838757428797004,23,"#BD0026"
"89","1.24.11A.50","1.24.11A",-16.41342422,-71.60532176,"0",1,0.014859866159493,0.0837148851405384,23,"#BD0026"
"90","1.24.11A.186","1.24.11A",-16.42848924,-71.61800429,"0",1,0.0148389080684547,0.0835162555071098,23,"#BD0026"
"91","1.24.11A.60","1.24.11A",-16.4234153,-71.61101348,"0",1,0.0148275987786258,0.0834460933336021,23,"#BD0026"
"92","1.24.11A.93","1.24.11A",-16.41624386,-71.6140316,"0",1,0.014827035909636,0.0835154553256562,23,"#BD0026"
"93","1.24.11A.81","1.24.11A",-16.40904781,-71.6094206,"0",1,0.0148256696238283,0.0837009773752529,23,"#BD0026"
"94","1.24.11A.143","1.24.11A",-16.41919631,-71.62793054,"0",1,0.0147994407053586,0.0833962513725238,23,"#BD0026"
"95","1.24.11A.155","1.24.11A",-16.42053221,-71.61942822,"0",1,0.0147964481480111,0.0833123167517298,23,"#BD0026"
"96","1.24.11A.172","1.24.11A",-16.42407324,-71.62116144,"0",1,0.0147850759488981,0.0834201667702339,23,"#BD0026"
"97","1.24.11A.17","1.24.11A",-16.41430593,-71.59927339,"0",1,0.0147818788300318,0.0833051569603354,23,"#BD0026"
"98","1.24.11A.52","1.24.11A",-16.41668181,-71.60724141,"0",1,0.0147816774279128,0.08339693080226,23,"#BD0026"
"99","1.24.11A.91","1.24.11A",-16.41188175,-71.61477448,"0",1,0.0147728587773838,0.0832483508952143,23,"#BD0026"
"100","1.24.11A.141","1.24.11A",-16.41909128,-71.62964834,"0",1,0.0147573837169126,0.0832456808810745,23,"#BD0026"
"101","1.24.9.18","1.24.9",-16.44012322,-71.58520886,"2005-03-29",0,0.0147329689017604,0.0799754360008434,15,"#BD0026"
"102","1.24.11A.30","1.24.11A",-16.42461044,-71.60460787,"0",1,0.0147162535082178,0.0830475205438067,23,"#BD0026"
"103","1.24.11A.162","1.24.11A",-16.42675283,-71.6139775,"0",1,0.0147073970915107,0.083150471791448,23,"#BD0026"
"104","1.24.11A.131","1.24.11A",-16.41831157,-71.62024344,"0",1,0.0146990619264238,0.0829692290782709,23,"#BD0026"
"105","1.24.11A.178","1.24.11A",-16.42937086,-71.62033618,"0",1,0.0146948150988068,0.0829918664575015,23,"#BD0026"
"106","1.24.11A.85","1.24.11A",-16.40977342,-71.61330483,"0",1,0.0146770252481719,0.0830808383960006,23,"#BD0026"
"107","1.24.11A.58","1.24.11A",-16.42046277,-71.60955424,"0",1,0.0146731888553517,0.0829505322520178,23,"#BD0026"
"108","1.24.9.7","1.24.9",-16.44151542,-71.59180521,"2005-03-28",1,0.0146691612721153,0.0828601865388481,15,"#BD0026"
"109","1.24.11A.133","1.24.11A",-16.41777813,-71.6207405,"0",1,0.0146662895991449,0.0829034255479719,23,"#BD0026"
"110","1.24.11A.142","1.24.11A",-16.41938515,-71.62930403,"0",1,0.0146572388467566,0.0827858150415118,23,"#BD0026"
"111","1.24.11A.12","1.24.11A",-16.42279911,-71.59854805,"0",1,0.0146525821278164,0.0828692493317011,23,"#BD0026"
"112","1.24.11A.99","1.24.11A",-16.42185456,-71.61480837,"0",1,0.0146377013378571,0.0828911509518037,23,"#BD0026"
"113","1.24.11A.76","1.24.11A",-16.41151672,-71.61080272,"0",1,0.0146335812071337,0.0828040213662318,23,"#BD0026"
"114","1.24.11A.132","1.24.11A",-16.41793948,-71.62014637,"0",1,0.0146325270626686,0.0826534775283377,23,"#BD0026"
"115","1.24.11A.136","1.24.11A",-16.41708951,-71.62479455,"0",1,0.0146225528687793,0.0827991260124297,23,"#BD0026"
"116","1.24.11A.161","1.24.11A",-16.42676395,-71.61370343,"0",1,0.0146175921279333,0.0827087129388887,23,"#BD0026"
"117","1.24.11A.95","1.24.11A",-16.4178393,-71.61399915,"0",1,0.0146120040318579,0.0827593882418451,23,"#BD0026"
"118","1.24.11A.182","1.24.11A",-16.42976523,-71.62005156,"0",1,0.0146090519623168,0.082648102836823,23,"#BD0026"
"119","1.24.11A.5","1.24.11A",-16.42668447,-71.60246807,"0",1,0.0146062383717704,0.0827667871329075,23,"#BD0026"
"120","1.24.11A.37","1.24.11A",-16.42492393,-71.60941142,"0",1,0.0145850273123286,0.0827428583281525,23,"#BD0026"
"121","1.24.11A.40","1.24.11A",-16.42214574,-71.60713671,"0",1,0.0145841129469096,0.0826129067400858,23,"#BD0026"
"122","1.24.11A.110","1.24.11A",-16.41246608,-71.61946874,"0",1,0.0145782339804311,0.0825158113409483,23,"#BD0026"
"123","1.24.11A.39","1.24.11A",-16.42258097,-71.60777678,"0",1,0.0145758770321307,0.0826514835027842,23,"#F03B20"
"124","1.24.11A.31","1.24.11A",-16.42560324,-71.60566682,"0",1,0.0145751592887184,0.0826544698794942,23,"#F03B20"
"125","1.24.11A.151","1.24.11A",-16.42233403,-71.62453549,"0",1,0.014573215647537,0.0826045906009246,23,"#F03B20"
"126","1.24.11A.185","1.24.11A",-16.42945978,-71.61591525,"0",1,0.0145579276886037,0.0826605647738343,23,"#F03B20"
"127","1.24.11A.173","1.24.11A",-16.42438808,-71.62121616,"0",1,0.0145574728803211,0.0825237201498467,23,"#F03B20"
"128","1.24.11A.104","1.24.11A",-16.41762758,-71.61750324,"0",1,0.0145563372734493,0.0824300925000518,23,"#F03B20"
"129","1.24.11A.204","1.24.11A",-16.43632599,-71.61247526,"0",1,0.0145452170241315,0.0824217687193178,23,"#F03B20"
"130","1.24.11A.115","1.24.11A",-16.41504734,-71.61786935,"0",1,0.0145337606470346,0.0826936490434278,23,"#F03B20"
"131","1.24.11A.72","1.24.11A",-16.41351981,-71.61044619,"0",1,0.0145334362105145,0.0824131699659421,23,"#F03B20"
"132","1.24.11A.8","1.24.11A",-16.42563637,-71.60084072,"0",1,0.0145328469102485,0.0823708667638339,23,"#F03B20"
"133","1.24.11A.88","1.24.11A",-16.41068153,-71.61717746,"0",1,0.0145322989925924,0.0823635262834069,23,"#F03B20"
"134","1.24.11A.101","1.24.11A",-16.42022725,-71.61548918,"0",1,0.0145299439797766,0.0822270805829621,23,"#F03B20"
"135","1.24.11A.27","1.24.11A",-16.42368115,-71.60340745,"0",1,0.0145095885238091,0.0822646550667028,23,"#F03B20"
"136","1.24.11A.68","1.24.11A",-16.41586165,-71.61042712,"0",1,0.0145027365241018,0.0823918382703508,23,"#F03B20"
"137","1.24.11A.10","1.24.11A",-16.42351853,-71.59914384,"0",1,0.0145001976124658,0.0823685130370457,23,"#F03B20"
"138","1.24.11A.188","1.24.11A",-16.43053858,-71.61557923,"0",1,0.0144997600891903,0.0823740617308339,23,"#F03B20"
"139","1.24.11A.77","1.24.11A",-16.41121253,-71.61089253,"0",1,0.0144885418008907,0.0822464317770275,23,"#F03B20"
"140","1.24.11A.86","1.24.11A",-16.40937384,-71.61348971,"0",1,0.0144733508634973,0.0821102087989773,23,"#F03B20"
"141","1.24.11A.152","1.24.11A",-16.41828322,-71.62249918,"0",1,0.0144646935140231,0.0822694157122131,23,"#F03B20"
"142","1.24.11A.127","1.24.11A",-16.41432111,-71.62296152,"0",1,0.0144621653670525,0.0823411857716322,23,"#F03B20"
"143","1.24.11A.144","1.24.11A",-16.41867563,-71.62747974,"0",1,0.0144568968980682,0.0819854433261222,23,"#F03B20"
"144","1.24.11A.179","1.24.11A",-16.43046436,-71.6205675,"0",1,0.0144511777221164,0.0822576071962401,23,"#F03B20"
"145","1.24.11.114","1.24.11",-16.42950215,-71.60192929,"2013-11-02",0,0.0144496344063929,0.0784610581189507,7,"#F03B20"
"146","1.24.11A.87","1.24.11A",-16.4094585,-71.61635135,"0",1,0.0144447246617463,0.0822280236037586,23,"#F03B20"
"147","1.24.11A.201","1.24.11A",-16.43589248,-71.61642356,"0",1,0.0144412569460916,0.0821631174436316,23,"#F03B20"
"148","1.24.11A.44","1.24.11A",-16.4177562,-71.60650404,"0",1,0.0144364042414498,0.0819459210421819,23,"#F03B20"
"149","1.24.11A.45","1.24.11A",-16.41741277,-71.60651354,"0",1,0.0144347543541792,0.0819964589351631,23,"#F03B20"
"150","1.24.11A.113","1.24.11A",-16.41415504,-71.61726147,"0",1,0.0144216227053668,0.0820220382029324,23,"#F03B20"
"151","1.24.11A.1","1.24.11A",-16.42732452,-71.6031835,"0",1,0.0143973218397225,0.0817540401955019,23,"#F03B20"
"152","1.24.9.14","1.24.9",-16.44027322,-71.58535151,"2010-03-30",0,0.0143916056713019,0.0769511734386223,10,"#F03B20"
"153","1.24.11.113","1.24.11",-16.42962188,-71.60184068,"2013-11-02",0,0.0143843770968973,0.0774247230011424,7,"#F03B20"
"154","1.24.11A.26","1.24.11A",-16.42146933,-71.60147107,"0",1,0.0143828880418536,0.0819782796730761,23,"#F03B20"
"155","1.24.11A.90","1.24.11A",-16.41210146,-71.61550288,"0",1,0.0143748829488804,0.0819383236182899,23,"#F03B20"
"156","1.24.11A.119","1.24.11A",-16.41379737,-71.62182703,"0",1,0.0143667115215782,0.0818292203936867,23,"#F03B20"
"157","1.24.11A.139","1.24.11A",-16.41683847,-71.62560244,"0",1,0.0143623951611947,0.0818358162446925,23,"#F03B20"
"158","1.24.11A.2","1.24.11A",-16.42730312,-71.60349972,"0",1,0.0143493035130512,0.0817133043714288,23,"#F03B20"
"159","1.24.11A.22","1.24.11A",-16.42034348,-71.60309643,"0",1,0.0143384108513436,0.0819140460585357,23,"#F03B20"
"160","1.24.10.4","1.24.10",-16.43428493,-71.59838115,"2010-03-26",1,0.0143200578310491,0.0816695462617498,10,"#F03B20"
"161","1.24.11A.146","1.24.11A",-16.4181693,-71.6227324,"0",1,0.014313590545993,0.0816428052832854,23,"#F03B20"
"162","1.24.11A.125","1.24.11A",-16.41037049,-71.61978366,"0",1,0.0142831797730306,0.0818034923977563,23,"#F03B20"
"163","1.24.10.193","1.24.10",-16.43425911,-71.59935825,"2005-03-16",0,0.014268981436442,0.079220748510753,15,"#F03B20"
"164","1.24.11A.16","1.24.11A",-16.41273578,-71.59832342,"0",1,0.0142620557303418,0.0813386960687163,23,"#F03B20"
"165","1.24.11A.196","1.24.11A",-16.43370418,-71.61886326,"0",1,0.0142562003407358,0.0813929492111326,23,"#F03B20"
"166","1.24.11A.55","1.24.11A",-16.41798236,-71.60730269,"0",1,0.0142549414933943,0.0814020116627181,23,"#F03B20"
"167","1.24.11A.97","1.24.11A",-16.41914181,-71.61453404,"0",1,0.0142518042211577,0.0814891821697259,23,"#F03B20"
"168","1.24.11A.4","1.24.11A",-16.4268288,-71.60263485,"0",1,0.0142362783227727,0.0813285324483721,23,"#F03B20"
"169","1.24.11A.158","1.24.11A",-16.42226019,-71.61830185,"0",1,0.0142329048582469,0.0812080866163368,23,"#F03B20"
"170","1.24.11A.121","1.24.11A",-16.41079744,-71.61956789,"0",1,0.0142296555361388,0.0814749619396238,23,"#F03B20"
"171","1.24.11A.38","1.24.11A",-16.4244466,-71.6095264,"0",1,0.0141284769179442,0.0809082429438414,23,"#F03B20"
"172","1.24.11A.98","1.24.11A",-16.42047605,-71.61400244,"0",1,0.0141258293179378,0.0807334952959952,23,"#F03B20"
"173","1.24.10.198","1.24.10",-16.43445677,-71.5991823,"2010-03-29",0,0.0141136778084419,0.0771705356684962,10,"#F03B20"
"174","1.24.11A.19","1.24.11A",-16.418356,-71.60301109,"0",1,0.0140460984094945,0.0805017356988549,23,"#F03B20"
"175","1.24.11A.147","1.24.11A",-16.4188464,-71.62327098,"0",1,0.0140426733088584,0.0805550487723871,23,"#F03B20"
"176","1.24.11A.176","1.24.11A",-16.42856429,-71.61962288,"0",1,0.0140189061200663,0.0807236680550024,23,"#F03B20"
"177","1.24.11A.149","1.24.11A",-16.4190045,-71.62315827,"0",1,0.0140061059603147,0.0803237627380267,23,"#F03B20"
"178","1.24.11A.120","1.24.11A",-16.41183463,-71.62011298,"0",1,0.013980693165999,0.0803183600592206,23,"#F03B20"
"179","1.24.11A.74","1.24.11A",-16.41312545,-71.61101783,"0",1,0.0139794573823261,0.0803354839933417,23,"#F03B20"
"180","1.24.11A.137","1.24.11A",-16.4169755,-71.62533034,"0",1,0.0139686205266954,0.0803582296679969,23,"#F03B20"
"181","1.24.11A.42","1.24.11A",-16.42072334,-71.60627565,"0",1,0.0139670717690441,0.0802459651380677,23,"#F03B20"
"182","1.24.11A.114","1.24.11A",-16.41478819,-71.6179106,"0",1,0.0138624601086131,0.0799801073076047,23,"#F03B20"
"183","1.24.9.5","1.24.9",-16.44234085,-71.59005818,"2010-03-30",1,0.013776564147759,0.0793206251635229,10,"#F03B20"
"184","1.24.9.11","1.24.9",-16.44073364,-71.58536732,"2010-03-30",0,0.013695096301118,0.0782176868726289,10,"#F03B20"
"185","1.24.11A.111","1.24.11A",-16.41331098,-71.6195898,"0",1,0.0136905336147536,0.0790577007203445,23,"#F03B20"
"186","1.24.11.112","1.24.11",-16.4296916,-71.60178068,"2013-11-02",0,0.013647907309765,0.0757440771124859,7,"#F03B20"
"187","1.24.11A.177","1.24.11A",-16.42878022,-71.61951593,"0",1,0.0136103631722739,0.0790865211539077,23,"#F03B20"
"188","1.24.11A.117","1.24.11A",-16.41533722,-71.620495,"0",1,0.0135927478889202,0.0788921572039396,23,"#F03B20"
"189","1.24.11A.49","1.24.11A",-16.4137315,-71.60267732,"0",1,0.0135400549969634,0.0787354222751375,23,"#F03B20"
"190","1.24.10.230","1.24.10",-16.43433977,-71.60101011,"2005-03-17",0,0.0135254437178957,0.0784600954270171,15,"#F03B20"
"191","1.24.10.198A","1.24.10",-16.43445975,-71.59923436,"2005-03-16",0,0.0134935956048257,0.0744121107875656,15,"#F03B20"
"192","1.24.11A.145","1.24.11A",-16.41832212,-71.62680137,"0",1,0.0134930279275536,0.0783610908066243,23,"#F03B20"
"193","1.24.11A.105","1.24.11A",-16.41743352,-71.61720428,"0",1,0.0134683273216156,0.0782112028753347,23,"#F03B20"
"194","1.24.10.207","1.24.10",-16.43458811,-71.59871389,"2010-03-29",0,0.0134646397406957,0.0761828322428965,10,"#F03B20"
"195","1.24.10.187","1.24.10",-16.43412125,-71.59900942,"2010-03-29",0,0.0134552152658836,0.0746469343069839,10,"#F03B20"
"196","1.24.9.3","1.24.9",-16.44289135,-71.58724567,"2010-03-30",1,0.0134507297279144,0.0784116883158836,10,"#F03B20"
"197","1.24.11A.66","1.24.11A",-16.42016768,-71.61281575,"0",1,0.0134211435169041,0.0780650677840995,23,"#F03B20"
"198","1.24.11A.195","1.24.11A",-16.43343822,-71.61875266,"0",1,0.0133512712463993,0.0778660067110949,23,"#F03B20"
"199","1.24.11A.6","1.24.11A",-16.42642601,-71.6020997,"0",1,0.0133481671525455,0.0777736760505595,23,"#F03B20"
"200","1.24.9.18A","1.24.9",-16.44019094,-71.58516692,"2010-03-30",1,0.0133419310866797,0.0747273675460471,10,"#F03B20"
"201","1.24.11A.20","1.24.11A",-16.41631142,-71.59802072,"0",1,0.0133140761493818,0.0776255909525295,23,"#F03B20"
"202","1.24.10.188","1.24.10",-16.43412985,-71.59908907,"2010-03-29",0,0.0132973642370213,0.0735582852032197,10,"#F03B20"
"203","1.24.11.116","1.24.11",-16.42891319,-71.60249925,"2010-03-25",0,0.0132902527617122,0.0776046810737733,10,"#F03B20"
"204","1.24.11A.32","1.24.11A",-16.42631198,-71.6067073,"0",1,0.0132461762115297,0.0773325777290642,23,"#F03B20"
"205","1.24.11A.48","1.24.11A",-16.41312176,-71.60488833,"0",1,0.0131993520859634,0.0771878808993512,23,"#F03B20"
"206","1.24.11A.46","1.24.11A",-16.41625349,-71.60498369,"0",1,0.0131861516591696,0.0771106494290489,23,"#F03B20"
"207","1.24.11A.29","1.24.11A",-16.42379089,-71.60420198,"0",1,0.0131728033082932,0.0770382109656703,23,"#F03B20"
"208","1.24.9.30","1.24.9",-16.44373425,-71.58685052,"2010-03-31",0,0.0131655388484486,0.077262786973497,10,"#F03B20"
"209","1.24.9.31","1.24.9",-16.44425128,-71.58691079,"2010-03-31",0,0.0131396877516833,0.0770733978681812,10,"#F03B20"
"210","1.24.10.196","1.24.10",-16.4343321,-71.59884723,"2013-11-25",0,0.0131150989835144,0.0752913330953086,7,"#F03B20"
"211","1.24.11A.140","1.24.11A",-16.41802388,-71.62741885,"0",1,0.0130991400656879,0.0767312582916975,23,"#F03B20"
"212","1.24.11A.69","1.24.11A",-16.41592005,-71.61173779,"0",1,0.0130950494017806,0.076743843704326,23,"#F03B20"
"213","1.24.11A.70","1.24.11A",-16.4145623,-71.610466,"0",1,0.0130479760417823,0.0765102922140289,23,"#F03B20"
"214","1.24.10.229","1.24.10",-16.43403946,-71.60103045,"2010-03-29",0,0.0129907617867452,0.0762547697611238,10,"#F03B20"
"215","1.24.11A.203","1.24.11A",-16.43654855,-71.61275881,"0",1,0.0129140100572929,0.0760831388166353,23,"#F03B20"
"216","1.24.11A.54","1.24.11A",-16.41748723,-71.60681714,"0",1,0.012903801500311,0.0760169097651741,23,"#F03B20"
"217","1.24.11A.112","1.24.11A",-16.41373773,-71.61890972,"0",1,0.0128392500126758,0.0758028395880899,23,"#F03B20"
"218","1.24.9.21","1.24.9",-16.44187891,-71.58583021,"2010-03-31",0,0.0127872469585398,0.0757653086948291,10,"#F03B20"
"219","1.24.9.24","1.24.9",-16.44187363,-71.58484593,"2005-03-29",0,0.012728580044621,0.0755063848837085,15,"#F03B20"
"220","1.24.10.186","1.24.10",-16.43405167,-71.59910279,"2010-03-29",0,0.0126650150431963,0.0718583533320444,10,"#F03B20"
"221","1.24.11A.82","1.24.11A",-16.41083266,-71.61137014,"0",1,0.012661092655134,0.0750102510230394,23,"#F03B20"
"222","1.24.10.228","1.24.10",-16.43332019,-71.60043466,"2010-03-29",0,0.0126028303328784,0.0752861822671418,10,"#F03B20"
"223","1.24.9.8","1.24.9",-16.44220947,-71.58813771,"2010-03-30",1,0.0125959832125502,0.0746702918194251,10,"#F03B20"
"224","1.24.11A.126","1.24.11A",-16.41063165,-71.61993325,"0",1,0.012594054615863,0.0749128834817245,23,"#F03B20"
"225","1.24.10.219","1.24.10",-16.43489143,-71.59933401,"2010-03-29",1,0.0125809563733999,0.0737087705930074,10,"#F03B20"
"226","1.24.10.202","1.24.10",-16.43476968,-71.59932134,"2013-12-12",0,0.01244723635001,0.0724178143195714,7,"#F03B20"
"227","1.24.11.104A","1.24.11",-16.42906349,-71.60176286,"2013-11-02",1,0.0123401645939225,0.0730040640740553,7,"#F03B20"
"228","1.24.11.104","1.24.11",-16.42906349,-71.60176286,"2013-11-02",0,0.0123401008061661,0.0730038459671439,7,"#F03B20"
"229","1.24.10.226","1.24.10",-16.43410656,-71.59998207,"2005-03-17",0,0.0122982646137825,0.0737812779795608,15,"#F03B20"
"230","1.24.10.5","1.24.10",-16.43392354,-71.59876521,"2010-03-26",1,0.0122904234101622,0.0733763692616564,10,"#F03B20"
"231","1.24.11.107","1.24.11",-16.42937159,-71.60166716,"2011-12-02",0,0.0122678112282263,0.069907662706706,9,"#F03B20"
"232","1.24.10.172","1.24.10",-16.43281878,-71.59987599,"2005-03-14",0,0.0122308216253663,0.0738757076305099,15,"#F03B20"
"233","1.24.10.6","1.24.10",-16.43381164,-71.59811914,"2010-03-26",0,0.0122252962808074,0.0736288860157823,10,"#F03B20"
"234","1.24.10.191","1.24.10",-16.43407162,-71.59969081,"2013-12-10",1,0.0121959477334634,0.0730461504083084,7,"#F03B20"
"235","1.24.10.195","1.24.10",-16.43430763,-71.59908829,"2005-03-15",0,0.0121381682883834,0.0704114273359015,15,"#F03B20"
"236","1.24.10.135","1.24.10",-16.43088395,-71.60106429,"2011-12-06",0,0.0120920874202755,0.072962455019445,9,"#F03B20"
"237","1.24.11A.3","1.24.11A",-16.4270937,-71.60334823,"0",1,0.0120550100859132,0.0726082665487643,23,"#F03B20"
"238","1.24.9.20A","1.24.9",-16.4409181,-71.58482849,"2010-03-30",0,0.0120348067787135,0.0725134823188506,10,"#F03B20"
"239","1.24.9.4","1.24.9",-16.4423961,-71.58789367,"2010-03-30",1,0.0120316109361926,0.0724307975345245,10,"#F03B20"
"240","1.24.10.206","1.24.10",-16.43461619,-71.59881551,"2010-03-29",0,0.0119911922379852,0.0690940897822031,10,"#F03B20"
"241","1.24.9.22","1.24.9",-16.4418774,-71.58531567,"2010-03-30",0,0.0119853989953826,0.0725846615456988,10,"#F03B20"
"242","1.24.11.115","1.24.11",-16.42938137,-71.60200862,"2013-11-02",0,0.0119693884908995,0.0693523854054719,7,"#F03B20"
"243","1.24.11.110A","1.24.11",-16.42952506,-71.60154318,"2010-03-25",1,0.011967445416167,0.0709562821021178,10,"#F03B20"
"244","1.24.11.110","1.24.11",-16.42952506,-71.60154318,"2013-11-02",0,0.0119673817771429,0.0709560619814111,7,"#F03B20"
"245","1.24.11.30","1.24.11",-16.43011914,-71.60069579,"2013-11-13",0,0.011954189289376,0.0729072280271919,7,"#FD8D3C"
"246","1.24.9.20","1.24.9",-16.44073844,-71.58477832,"2010-03-30",0,0.0118589908991728,0.0716597872153955,10,"#FD8D3C"
"247","1.24.10.173","1.24.10",-16.43303206,-71.60004106,"2005-03-15",0,0.0116952184197112,0.0716377390746922,15,"#FD8D3C"
"248","1.24.10.197","1.24.10",-16.43441366,-71.59895787,"2011-10-31",0,0.0116914697664494,0.0691362800335916,9,"#FD8D3C"
"249","1.24.10.221B","1.24.10",-16.43486878,-71.59969968,"2013-12-10",1,0.0116838495285924,0.0708990459952248,7,"#FD8D3C"
"250","1.24.10.221","1.24.10",-16.43486878,-71.59969968,"2011-10-31",0,0.0116837885133427,0.0708988318568867,9,"#FD8D3C"
"251","1.24.9.17","1.24.9",-16.43991818,-71.58487215,"2010-03-30",0,0.0116315922414018,0.0700131424012234,10,"#FD8D3C"
"252","1.24.11.79A","1.24.11",-16.42904081,-71.60051466,"2011-12-03",1,0.0115913952910656,0.0715580793445438,9,"#FD8D3C"
"253","1.24.11.79","1.24.11",-16.42904081,-71.60051466,"2013-11-13",0,0.0115913353479949,0.0715578664115609,7,"#FD8D3C"
"254","1.24.10.206A","1.24.10",-16.43461032,-71.59878347,"2005-03-18",0,0.0115581571224004,0.067861848367013,15,"#FD8D3C"
"255","1.24.10.28","1.24.10",-16.43331756,-71.59804574,"2010-03-26",0,0.0114963836963125,0.0707384307004081,10,"#FD8D3C"
"256","1.24.11.14","1.24.11",-16.43016848,-71.60137746,"2010-03-25",0,0.0114861110706847,0.0709565200137039,10,"#FD8D3C"
"257","1.24.11.111","1.24.11",-16.42961516,-71.60167228,"2013-11-02",0,0.0114366282121205,0.067803878623184,7,"#FD8D3C"
"258","1.24.10.52","1.24.10",-16.43254471,-71.59971753,"2010-03-26",1,0.0114352812422704,0.0707311877300973,10,"#FD8D3C"
"259","1.24.9.1","1.24.9",-16.44236197,-71.58622925,"2010-03-30",0,0.0114269816134582,0.0700982356353869,10,"#FD8D3C"
"260","1.24.9.16","1.24.9",-16.43976623,-71.58486887,"2010-03-30",0,0.0112632874887299,0.068649862118994,10,"#FD8D3C"
"261","1.24.11.114A","1.24.11",-16.42943327,-71.60198187,"2010-03-25",0,0.0112605469049991,0.0663575868502048,10,"#FD8D3C"
"262","1.24.10.129","1.24.10",-16.43125481,-71.60051358,"2013-11-13",1,0.0112484297493112,0.0696570354984361,7,"#FD8D3C"
"263","1.24.9.27","1.24.9",-16.44321885,-71.58653958,"2010-03-31",0,0.0111855608186882,0.0689815069161909,10,"#FD8D3C"
"264","1.24.10.3","1.24.10",-16.43467263,-71.59841378,"2010-03-26",0,0.011160228086114,0.0687596530509594,10,"#FD8D3C"
"265","1.24.10.44","1.24.10",-16.43295316,-71.59891305,"2005-03-18",1,0.0111491167825106,0.0694643921433993,15,"#FD8D3C"
"266","1.24.10.212","1.24.10",-16.4352006,-71.59849952,"2010-03-29",0,0.0111011828501445,0.0686529327784273,10,"#FD8D3C"
"267","1.24.10.1","1.24.10",-16.43491514,-71.59833724,"2010-03-26",0,0.0110178905346264,0.0682595247864213,10,"#FD8D3C"
"268","1.24.10.194","1.24.10",-16.43429197,-71.59923209,"2013-11-25",0,0.0109951852871797,0.0655505402730962,7,"#FD8D3C"
"269","1.24.10.183","1.24.10",-16.43375941,-71.59923629,"2013-12-09",0,0.0109608038220326,0.0675965501861868,7,"#FD8D3C"
"270","1.24.11.1","1.24.11",-16.43064495,-71.60101735,"2011-12-06",0,0.0109388556202584,0.068395772342935,9,"#FD8D3C"
"271","1.24.10.29","1.24.10",-16.43305735,-71.59820307,"2005-03-07",0,0.0109360706376486,0.0683920099000959,15,"#FD8D3C"
"272","1.24.10.216","1.24.10",-16.43514673,-71.5989434,"2013-12-11",0,0.0109132257706587,0.0675242914740969,7,"#FD8D3C"
"273","1.24.10.132","1.24.10",-16.43179304,-71.59994446,"2013-12-04",0,0.0109060961729267,0.0685798309599559,7,"#FD8D3C"
"274","1.24.10.106","1.24.10",-16.43133049,-71.59881996,"2011-12-09",0,0.0109052234594161,0.0683093570400466,9,"#FD8D3C"
"275","1.24.9.19","1.24.9",-16.44071241,-71.58503761,"2019-05-08",0,0.0108914183606154,0.0669626535974027,1,"#FD8D3C"
"276","1.24.11.33","1.24.11",-16.429782,-71.60098314,"2011-12-03",0,0.0108714319694976,0.0684856698319456,9,"#FD8D3C"
"277","1.24.10.222","1.24.10",-16.43452397,-71.59972032,"2013-11-25",0,0.0108489162951125,0.0675089620897354,7,"#FD8D3C"
"278","1.24.10.209","1.24.10",-16.43487691,-71.5986763,"2010-03-29",0,0.0108345251832304,0.0666602746675211,10,"#FD8D3C"
"279","1.24.10.105","1.24.10",-16.43130292,-71.59890489,"2013-12-04",0,0.0108214797104177,0.0679249576694775,7,"#FD8D3C"
"280","1.24.10.201","1.24.10",-16.43433423,-71.59952102,"2010-03-29",0,0.0107838904724841,0.0659693112255521,10,"#FD8D3C"
"281","1.24.9.23","1.24.9",-16.44201004,-71.58517802,"2010-03-30",0,0.0107804277685564,0.0674661735995688,10,"#FD8D3C"
"282","1.24.10.208","1.24.10",-16.43477356,-71.59871857,"2013-12-12",0,0.0107715197555473,0.065768875944454,7,"#FD8D3C"
"283","1.24.10.223","1.24.10",-16.43429242,-71.59976122,"2013-12-10",0,0.0107671574100573,0.0672375546831705,7,"#FD8D3C"
"284","1.24.11A.94","1.24.11A",-16.41758905,-71.61382632,"0",1,0.0107638510318697,0.0672477575312963,23,"#FD8D3C"
"285","1.24.11.35","1.24.11",-16.42956828,-71.60082906,"2005-03-07",1,0.0107190375901636,0.0678101568878735,15,"#FD8D3C"
"286","1.24.9.9","1.24.9",-16.44198059,-71.58647981,"2005-03-28",1,0.0107014656648215,0.0670565839766887,15,"#FD8D3C"
"287","1.24.10.225","1.24.10",-16.43382472,-71.60009933,"2011-10-31",0,0.0106966677563004,0.067248204282791,9,"#FD8D3C"
"288","1.24.10.120","1.24.10",-16.43230887,-71.59983638,"2010-03-26",0,0.0106415498172469,0.0673423835977657,10,"#FD8D3C"
"289","1.24.10.137","1.24.10",-16.43109511,-71.60086019,"2005-03-10",0,0.0106205128791314,0.0668751388242346,15,"#FD8D3C"
"290","1.24.11.100","1.24.11",-16.4293515,-71.601478,"2010-03-25",0,0.0105788456228709,0.0663088848801131,10,"#FD8D3C"
"291","1.24.11.109","1.24.11",-16.42945834,-71.60158764,"2011-12-01",0,0.0105439290692828,0.0644880904260267,9,"#FD8D3C"
"292","1.24.11.15A","1.24.11",-16.43042762,-71.60112727,"2012-05-11",1,0.0105111096904627,0.0668332939037584,8,"#FD8D3C"
"293","1.24.10.189","1.24.10",-16.43409249,-71.59947547,"2010-03-29",0,0.0105110677393128,0.0653433615889966,10,"#FD8D3C"
"294","1.24.11.15","1.24.11",-16.43042762,-71.60112727,"2012-05-14",0,0.0105110534642699,0.0668330865546644,8,"#FD8D3C"
"295","1.24.11.91","1.24.11",-16.42850481,-71.60128424,"2005-04-17",0,0.0104807131641138,0.0665348868360714,15,"#FD8D3C"
"296","1.24.10.185","1.24.10",-16.43397108,-71.59915346,"2013-12-06",0,0.0104605279970706,0.0639339958287542,7,"#FD8D3C"
"297","1.24.10.97","1.24.10",-16.4311722,-71.59957673,"2013-10-28",0,0.0103845051701831,0.0659603698746524,7,"#FD8D3C"
"298","1.24.11.108","1.24.11",-16.42941114,-71.60162485,"2011-12-01",0,0.0103758581643288,0.0630677715589073,9,"#FD8D3C"
"299","1.24.11.98","1.24.11",-16.42934715,-71.60133084,"2013-11-02",0,0.0103527889065401,0.0657832670620974,7,"#FD8D3C"
"300","1.24.11.9","1.24.11",-16.43034126,-71.60101122,"2010-03-25",0,0.0103388746947073,0.0662919430373154,10,"#FD8D3C"
"301","1.24.10.47","1.24.10",-16.4329208,-71.59938509,"2010-03-26",0,0.0103313096282163,0.0658816577699954,10,"#FD8D3C"
"302","1.24.10.117","1.24.10",-16.43207911,-71.59958237,"2005-03-10",0,0.0103014074452527,0.0659216160468657,15,"#FD8D3C"
"303","1.24.10.42","1.24.10",-16.43252993,-71.59837996,"2013-12-05",0,0.0101856037790152,0.0652407155116103,7,"#FD8D3C"
"304","1.24.11.13","1.24.11",-16.43003398,-71.60147704,"2010-03-25",0,0.0101578285076871,0.0652275977666967,10,"#FD8D3C"
"305","1.24.10.63","1.24.10",-16.43168122,-71.59860044,"2010-03-26",0,0.0101167396571951,0.065137027419044,10,"#FD8D3C"
"306","1.24.10.224","1.24.10",-16.43411708,-71.59981027,"2010-03-29",0,0.0101130513719329,0.0645408542152101,10,"#FD8D3C"
"307","1.24.10.227A","1.24.10",-16.43398884,-71.60035433,"2010-03-29",1,0.0101121378070924,0.064556777574348,10,"#FD8D3C"
"308","1.24.10.169","1.24.10",-16.43253582,-71.60008824,"2005-04-17",0,0.010048817049466,0.0646983464378074,15,"#FD8D3C"
"309","1.24.10.56","1.24.10",-16.43255793,-71.59923142,"2011-10-31",0,0.0100147745188591,0.0646528422250712,9,"#FD8D3C"
"310","1.24.11.97","1.24.11",-16.42916382,-71.60115565,"2013-11-02",0,0.00998803668454972,0.0645401302638176,7,"#FD8D3C"
"311","1.24.10.122","1.24.10",-16.43208039,-71.6000575,"2010-03-26",0,0.00996944434635526,0.0645283565548119,10,"#FD8D3C"
"312","1.24.10.59","1.24.10",-16.43200334,-71.59893524,"2010-12-14",0,0.00996577137327777,0.0647735066205538,10,"#FD8D3C"
"313","1.24.10.7","1.24.10",-16.43344902,-71.59796102,"2010-03-26",1,0.00995874119717908,0.0641193732269195,10,"#FD8D3C"
"314","1.24.10.134","1.24.10",-16.43086101,-71.60156232,"2005-03-18",1,0.00994578196388999,0.0637246875907593,15,"#FD8D3C"
"315","1.24.11.21","1.24.11",-16.42989689,-71.60170242,"2010-03-25",0,0.00984307035657006,0.0633169367996627,10,"#FD8D3C"
"316","1.24.10.127","1.24.10",-16.4315255,-71.60035297,"2010-03-26",0,0.0098186353348926,0.0636950621091857,10,"#FD8D3C"
"317","1.24.10.58","1.24.10",-16.43209226,-71.59907072,"2010-03-29",0,0.0098001904302091,0.0640058118368883,10,"#FD8D3C"
"318","1.24.10.192","1.24.10",-16.43423754,-71.59947852,"2010-03-29",0,0.00973647355287331,0.0615197216971285,10,"#FD8D3C"
"319","1.24.10.54A","1.24.10",-16.43230118,-71.59944025,"2010-03-26",1,0.00973065249213994,0.0634207453476444,10,"#FD8D3C"
"320","1.24.10.54","1.24.10",-16.43230118,-71.59944025,"2010-03-26",0,0.00973059905637795,0.0634205423717267,10,"#FD8D3C"
"321","1.24.10.43","1.24.10",-16.43309159,-71.59881648,"2005-03-09",0,0.00971593891831278,0.0632360115138144,15,"#FD8D3C"
"322","1.24.10.217","1.24.10",-16.43509178,-71.59912023,"2013-12-12",0,0.00970944244845887,0.0621683539525415,7,"#FD8D3C"
"323","1.24.10.93","1.24.10",-16.43155822,-71.59972168,"2010-03-29",0,0.00968707490002309,0.0631277069955891,10,"#FD8D3C"
"324","1.24.11.59","1.24.11",-16.42889263,-71.600363,"2013-11-04",0,0.00966739630952669,0.0630201291561357,7,"#FD8D3C"
"325","1.24.10.158","1.24.10",-16.4325014,-71.60084141,"2013-11-15",0,0.00960854552542721,0.0624913397648898,7,"#FD8D3C"
"326","1.24.10.227","1.24.10",-16.43396394,-71.60027554,"2010-03-29",0,0.00960307245907336,0.0623762382095967,10,"#FD8D3C"
"327","1.24.11.36","1.24.11",-16.42968275,-71.60061979,"2013-11-15",0,0.00953604332381734,0.0625610669015235,7,"#FD8D3C"
"328","1.24.9.10A","1.24.9",-16.44186881,-71.58631886,"2005-03-28",0,0.00952195788057441,0.0618659035531024,15,"#FD8D3C"
"329","1.24.11.22","1.24.11",-16.4296804,-71.60141892,"2011-12-06",0,0.00945025201568618,0.0618846957292953,9,"#FD8D3C"
"330","1.24.11.70","1.24.11",-16.42842394,-71.60116979,"2011-12-02",0,0.00943539908800262,0.0619301563472417,9,"#FD8D3C"
"331","1.24.10.159","1.24.10",-16.43276813,-71.60084785,"2013-11-18",0,0.00943169872607535,0.0616526985544228,7,"#FD8D3C"
"332","1.24.10.18","1.24.10",-16.43349315,-71.59891133,"2013-12-02",0,0.00943147195566057,0.0618566830878865,7,"#FD8D3C"
"333","1.24.11.99","1.24.11",-16.42941023,-71.60139851,"2013-11-02",0,0.00941603913724414,0.0614785889413096,7,"#FD8D3C"
"334","1.24.11.17A","1.24.11",-16.43039225,-71.60134521,"2012-03-13",1,0.0093724823723033,0.0617117636489124,8,"#FD8D3C"
"335","1.24.11.17","1.24.11",-16.43039225,-71.60134521,"2012-03-13",0,0.00937243012673075,0.06171156253386,8,"#FD8D3C"
"336","1.24.11.80","1.24.11",-16.42925124,-71.60073421,"2015-07-08",0,0.00935456952861459,0.0618944197808478,5,"#FD8D3C"
"337","1.24.10.166","1.24.10",-16.4324863,-71.60039292,"2010-03-29",1,0.0093457262451909,0.061503346756438,10,"#FD8D3C"
"338","1.24.10.16","1.24.10",-16.43368153,-71.59896021,"2013-12-10",0,0.00933119603784389,0.0612184398673454,7,"#FD8D3C"
"339","1.24.10.190","1.24.10",-16.43412133,-71.59957679,"2010-03-29",0,0.00932722832203588,0.0605974836046116,10,"#FD8D3C"
"340","1.24.10.174","1.24.10",-16.43352788,-71.59935172,"2005-03-16",0,0.00930266742717234,0.0611303128542588,15,"#FD8D3C"
"341","1.24.10.184","1.24.10",-16.43390364,-71.59919696,"2010-03-29",0,0.00928224228511536,0.0595217964071976,10,"#FD8D3C"
"342","1.24.11.55","1.24.11",-16.42926161,-71.60001216,"2010-03-25",0,0.00921836152314645,0.060774597906137,10,"#FD8D3C"
"343","1.24.9.2A","1.24.9",-16.44217416,-71.58632817,"2010-03-30",0,0.00921291727333897,0.0604613925610291,10,"#FD8D3C"
"344","1.24.10.179","1.24.10",-16.43381131,-71.59979403,"2013-11-25",0,0.00920265747002502,0.060627234899881,7,"#FD8D3C"
"345","1.24.11.90","1.24.11",-16.4286692,-71.60142946,"2011-12-02",0,0.00920154938428478,0.0608884202781813,9,"#FD8D3C"
"346","1.24.10.9","1.24.10",-16.43350959,-71.5982488,"2010-03-26",0,0.00914942537595528,0.0606004874275101,10,"#FD8D3C"
"347","1.24.11.103","1.24.11",-16.42914168,-71.60169413,"2013-11-02",0,0.00913950155070502,0.0594924701197587,7,"#FD8D3C"
"348","1.24.11A.33","1.24.11A",-16.42640864,-71.6067879,"0",1,0.00913236714272067,0.0603158331495399,23,"#FD8D3C"
"349","1.24.11.67","1.24.11",-16.42840733,-71.60090666,"2014-06-17",0,0.00907871268710195,0.0602116015500393,6,"#FD8D3C"
"350","1.24.9.2","1.24.9",-16.44227268,-71.58617628,"2010-03-30",0,0.00907069219610448,0.0598460066521417,10,"#FD8D3C"
"351","1.24.10.92","1.24.10",-16.43169698,-71.59960072,"2013-10-28",0,0.0090679428906108,0.0604570092387865,7,"#FD8D3C"
"352","1.24.11.75","1.24.11",-16.4287695,-71.60082481,"2015-07-08",0,0.00906461680090877,0.0605956324987344,5,"#FD8D3C"
"353","1.24.11.16","1.24.11",-16.43052522,-71.60118398,"2012-05-14",0,0.00902077688568089,0.0601151314068009,8,"#FD8D3C"
"354","1.24.10.181","1.24.10",-16.43395021,-71.59953771,"2013-12-04",0,0.0089868172856507,0.0591603854678785,7,"#FD8D3C"
"355","1.24.10.60","1.24.10",-16.43191292,-71.59879128,"2011-10-29",0,0.00898511517768753,0.0603388507641313,9,"#FD8D3C"
"356","1.24.10.218","1.24.10",-16.43506551,-71.59928505,"2010-03-29",0,0.00895657231113169,0.0588352764093094,10,"#FD8D3C"
"357","1.24.10.133","1.24.10",-16.43190853,-71.59981652,"2010-03-26",0,0.00894777848510765,0.0599494175234445,10,"#FD8D3C"
"358","1.24.9.29","1.24.9",-16.44344342,-71.58668478,"2010-03-31",0,0.00892058731947223,0.0590722744431835,10,"#FD8D3C"
"359","1.24.11A.35","1.24.11A",-16.42649831,-71.60689767,"0",1,0.00888228855813033,0.0591729304096382,23,"#FD8D3C"
"360","1.24.9.10","1.24.9",-16.44191676,-71.58636058,"2005-03-28",0,0.0088809369759566,0.0590311454220341,15,"#FD8D3C"
"361","1.24.11.26","1.24.11",-16.42988966,-71.60119295,"2005-04-17",0,0.00887871712614498,0.0596605871722939,15,"#FD8D3C"
"362","1.24.10.220","1.24.10",-16.43533124,-71.5996988,"2013-11-25",0,0.00883030715116993,0.0584947399903137,7,"#FD8D3C"
"363","1.24.10.64C","1.24.10",-16.43178042,-71.59844915,"2011-10-29",1,0.00881496556306054,0.0592615976851739,9,"#FD8D3C"
"364","1.24.10.64B","1.24.10",-16.43178042,-71.59844915,"2013-11-27",1,0.00881496556306054,0.0592615976851739,7,"#FD8D3C"
"365","1.24.10.64","1.24.10",-16.43178042,-71.59844915,"2013-12-05",0,0.00881491585308236,0.0592614023793473,7,"#FD8D3C"
"366","1.24.11.46","1.24.11",-16.42916678,-71.60039244,"2013-11-12",0,0.00881284659933985,0.0592524559407616,7,"#FECC5C"
"367","1.24.10.182","1.24.10",-16.43389565,-71.59943681,"2013-12-09",0,0.0088069385148132,0.058199864648369,7,"#FECC5C"
"368","1.24.10.134H","1.24.10",-16.43074369,-71.60122587,"2005-03-18",1,0.00878589154646822,0.0587217349985798,15,"#FECC5C"
"369","1.24.10.23","1.24.10",-16.43343049,-71.59850331,"2010-03-26",0,0.00877505276705494,0.0589858787588767,10,"#FECC5C"
"370","1.24.10.57","1.24.10",-16.43218902,-71.59918101,"2010-03-29",0,0.00876717556532832,0.0592455114387993,10,"#FECC5C"
"371","1.24.10.95","1.24.10",-16.43135658,-71.59971466,"2005-03-18",1,0.00873866486819925,0.0587207161144155,15,"#FECC5C"
"372","1.24.11.101","1.24.11",-16.4292235,-71.60157543,"2005-03-10",0,0.00872167614519178,0.057886798559968,15,"#FECC5C"
"373","1.24.11.11A","1.24.11",-16.43010703,-71.60121872,"2010-12-15",1,0.00871075236576674,0.0589751380718774,10,"#FECC5C"
"374","1.24.11.11","1.24.11",-16.43010703,-71.60121872,"2010-03-25",0,0.00871070264664929,0.0589749404034484,10,"#FECC5C"
"375","1.24.10.30","1.24.10",-16.43307213,-71.59828117,"2010-03-26",0,0.00869203189583493,0.0585636576140168,10,"#FECC5C"
"376","1.24.10.118","1.24.10",-16.43214644,-71.59966235,"2005-03-10",0,0.00864587873554511,0.0585111292931145,15,"#FECC5C"
"377","1.24.11.41","1.24.11",-16.42968344,-71.60038007,"2015-07-08",0,0.00864103639428528,0.0583727489906652,5,"#FECC5C"
"378","1.24.10.71","1.24.10",-16.43205475,-71.5986829,"2013-11-06",0,0.00860563084747823,0.0585774343262063,7,"#FECC5C"
"379","1.24.11.53","1.24.11",-16.42937709,-71.59988516,"2013-11-15",0,0.0086003878539048,0.0578632888987864,7,"#FECC5C"
"380","1.24.11.71","1.24.11",-16.42847878,-71.60110766,"2010-03-25",0,0.00856473446774173,0.0580489629107568,10,"#FECC5C"
"381","1.24.11.2","1.24.11",-16.43050277,-71.60093962,"2011-12-06",0,0.00855891332517366,0.0579552310285963,9,"#FECC5C"
"382","1.24.10.125","1.24.10",-16.43176166,-71.6002511,"2010-03-26",1,0.00854016338450896,0.0580437517025958,10,"#FECC5C"
"383","1.24.10.17","1.24.10",-16.43355801,-71.59900276,"2013-12-10",0,0.00853668175675062,0.0576828982887724,7,"#FECC5C"
"384","1.24.10.24","1.24.10",-16.43329565,-71.59855136,"2013-12-05",1,0.00853083489366402,0.0578946762426576,7,"#FECC5C"
"385","1.24.11.45","1.24.11",-16.42942764,-71.6006196,"2015-07-08",0,0.00851783284770186,0.0579514514706496,5,"#FECC5C"
"386","1.24.11.73","1.24.11",-16.42860927,-71.6009673,"2010-03-25",0,0.0085150431498363,0.0579736120104507,10,"#FECC5C"
"387","1.24.11.29","1.24.11",-16.43012164,-71.60094215,"2013-11-12",0,0.00850488950449024,0.0580324362141477,7,"#FECC5C"
"388","1.24.10.143","1.24.10",-16.43170458,-71.60056415,"2013-11-15",0,0.00849897427688005,0.0576885126441633,7,"#FECC5C"
"389","1.24.11.19","1.24.11",-16.43002079,-71.60160806,"2010-03-25",0,0.00847756815182264,0.0574788323443188,10,"#FECC5C"
"390","1.24.10.220A","1.24.10",-16.43531269,-71.59975096,"2005-03-16",0,0.00845708974987193,0.0568161842491849,15,"#FECC5C"
"391","1.24.11.82","1.24.11",-16.4291581,-71.60090282,"2011-12-03",0,0.00845057775575058,0.0577711361702007,9,"#FECC5C"
"392","1.24.10.178","1.24.10",-16.43374933,-71.59969387,"2013-11-25",0,0.00844633302713185,0.0571834857353903,7,"#FECC5C"
"393","1.24.11.40","1.24.11",-16.4299654,-71.60054003,"2013-11-15",0,0.00844412355964972,0.0574864394224057,7,"#FECC5C"
"394","1.24.10.53","1.24.10",-16.43237911,-71.59953309,"2010-03-26",0,0.00843393282663998,0.0575264137957956,10,"#FECC5C"
"395","1.24.10.36","1.24.10",-16.43280762,-71.59876334,"2011-12-09",0,0.0084186877663043,0.0574126637908192,9,"#FECC5C"
"396","1.24.11A.34","1.24.11A",-16.42645377,-71.60684181,"0",1,0.00841030854767414,0.0570509674043228,23,"#FECC5C"
"397","1.24.10.85","1.24.10",-16.43242046,-71.59899825,"2013-12-05",0,0.00841006475315544,0.0575596941540002,7,"#FECC5C"
"398","1.24.11.89","1.24.11",-16.42873065,-71.60134942,"2011-12-02",0,0.00841002506284838,0.0573725535937421,9,"#FECC5C"
"399","1.24.11.78","1.24.11",-16.42898507,-71.60057748,"2011-12-03",0,0.00840648618119158,0.0576375961800628,9,"#FECC5C"
"400","1.24.10.130","1.24.10",-16.43158293,-71.60015676,"2015-02-24",0,0.00840605978605222,0.0572946386163024,5,"#FECC5C"
"401","1.24.10.183A","1.24.10",-16.43383011,-71.5992184,"2010-03-29",0,0.00840068706242725,0.0560388406660972,10,"#FECC5C"
"402","1.24.10.160","1.24.10",-16.43272064,-71.60075185,"2013-11-15",0,0.00839033022426556,0.0569459008819756,7,"#FECC5C"
"403","1.24.10.33","1.24.10",-16.43306271,-71.59850222,"2011-12-09",0,0.00838088023443373,0.0571659943319704,9,"#FECC5C"
"404","1.24.11.96","1.24.11",-16.42908789,-71.60127341,"2013-11-02",0,0.00837370804201473,0.057159980942271,7,"#FECC5C"
"405","1.24.10.78","1.24.10",-16.43236677,-71.59865679,"2010-03-26",0,0.00833227360925396,0.0572049752514969,10,"#FECC5C"
"406","1.24.10.15","1.24.10",-16.43365851,-71.5988583,"2013-12-10",0,0.00831941188671057,0.0566565922753511,7,"#FECC5C"
"407","1.24.10.22","1.24.10",-16.43350179,-71.59869582,"2013-10-29",0,0.00831900900687097,0.0568252694712589,7,"#FECC5C"
"408","1.24.11.54","1.24.11",-16.42935971,-71.5999308,"2015-07-08",0,0.00830602652731669,0.056533893445165,5,"#FECC5C"
"409","1.24.10.168","1.24.10",-16.43262745,-71.60019239,"2013-11-13",0,0.00828267669647371,0.0566169417909858,7,"#FECC5C"
"410","1.24.10.134G","1.24.10",-16.43069368,-71.6012612,"2005-03-14",0,0.00827285826195799,0.0563641835677448,15,"#FECC5C"
"411","1.24.11.31","1.24.11",-16.43001558,-71.60076901,"2013-11-15",0,0.00826287027204728,0.0568311362722276,7,"#FECC5C"
"412","1.24.11.20","1.24.11",-16.42998168,-71.60165686,"2010-03-25",0,0.00826284821735734,0.056365581069337,10,"#FECC5C"
"413","1.24.10.51","1.24.10",-16.43262377,-71.59961948,"2010-03-26",0,0.00826166922190622,0.056722373781127,10,"#FECC5C"
"414","1.24.10.142","1.24.10",-16.43162457,-71.60059316,"2010-03-26",1,0.00825361879397302,0.0565010740873766,10,"#FECC5C"
"415","1.24.11.7","1.24.11",-16.4302256,-71.60086263,"2013-11-12",0,0.0082434826510304,0.056777402953594,7,"#FECC5C"
"416","1.24.11.58A","1.24.11",-16.42898643,-71.6002627,"2011-12-03",0,0.00823002577400108,0.0563178115392546,9,"#FECC5C"
"417","1.24.10.138","1.24.10",-16.43124812,-71.60075311,"2010-03-26",0,0.00821511315684482,0.0560820697574934,10,"#FECC5C"
"418","1.24.10.136","1.24.10",-16.43097987,-71.60096852,"2005-03-18",1,0.0082136504513655,0.0561617615455617,15,"#FECC5C"
"419","1.24.10.215","1.24.10",-16.43514981,-71.59881857,"2013-12-11",0,0.00819701913218576,0.0555564332790025,7,"#FECC5C"
"420","1.24.10.79","1.24.10",-16.43244315,-71.5987624,"2013-12-05",0,0.00818100498637733,0.0564946529938991,7,"#FECC5C"
"421","1.24.10.134B","1.24.10",-16.43079916,-71.60147244,"2005-03-11",0,0.00817478676863063,0.0557602829763626,15,"#FECC5C"
"422","1.24.10.10","1.24.10",-16.43354343,-71.59838757,"2013-12-10",0,0.00816506372871819,0.0560513936363661,7,"#FECC5C"
"423","1.24.10.156","1.24.10",-16.43240543,-71.60072217,"2010-03-29",0,0.008163195933212,0.055991505947831,10,"#FECC5C"
"424","1.24.10.46","1.24.10",-16.43281311,-71.59924607,"2011-10-29",0,0.0081439992942259,0.0560196829319754,9,"#FECC5C"
"425","1.24.11.74","1.24.11",-16.42868187,-71.60090675,"2013-11-04",0,0.00814397757624137,0.0562814299015338,7,"#FECC5C"
"426","1.24.10.134A","1.24.10",-16.43082548,-71.60150735,"2005-03-11",0,0.00814112689858681,0.0556022269151602,15,"#FECC5C"
"427","1.24.10.149","1.24.10",-16.43213787,-71.60039096,"2005-03-14",0,0.00813503541657015,0.0560940783779957,15,"#FECC5C"
"428","1.24.10.134C","1.24.10",-16.43075551,-71.60143147,"2005-03-11",0,0.00812220403773646,0.0555417786051138,15,"#FECC5C"
"429","1.24.10.99","1.24.10",-16.43132268,-71.59941785,"2011-12-09",0,0.00812030479079144,0.0559115625441846,9,"#FECC5C"
"430","1.24.11.34","1.24.11",-16.42973521,-71.6008398,"2013-11-12",0,0.00811144515362913,0.056108501173218,7,"#FECC5C"
"431","1.24.10.134F","1.24.10",-16.4306996,-71.60131785,"2005-03-14",0,0.00810937138402699,0.0555656110541733,15,"#FECC5C"
"432","1.24.11.64","1.24.11",-16.42859271,-71.60071836,"2005-03-09",0,0.00810447577853766,0.0558130653210678,15,"#FECC5C"
"433","1.24.10.35","1.24.10",-16.432861,-71.59865277,"2011-12-09",0,0.00809919303271646,0.055898071335985,9,"#FECC5C"
"434","1.24.10.141","1.24.10",-16.43153883,-71.60062048,"2013-11-13",0,0.00809494147526831,0.0556923895467747,7,"#FECC5C"
"435","1.24.10.55","1.24.10",-16.43243874,-71.59934244,"2011-10-31",0,0.0080894889279244,0.0559001381987558,9,"#FECC5C"
"436","1.24.11.47","1.24.11",-16.42922303,-71.60032926,"2011-11-15",0,0.00808736326582095,0.0558540628669881,9,"#FECC5C"
"437","1.24.10.20","1.24.10",-16.43334956,-71.59871644,"2013-10-28",0,0.00808115718559663,0.0557508335593072,7,"#FECC5C"
"438","1.24.11.8","1.24.11",-16.43026031,-71.60092805,"2010-03-25",0,0.00808041928971733,0.0560571430072156,10,"#FECC5C"
"439","1.24.10.64A","1.24.10",-16.43181777,-71.59851438,"2013-11-27",0,0.00807898712231143,0.0559189794098011,7,"#FECC5C"
"440","1.24.11.102","1.24.11",-16.42917546,-71.60162245,"2005-03-09",0,0.00807313050169651,0.0548056695215319,15,"#FECC5C"
"441","1.24.10.210","1.24.10",-16.43501607,-71.59858772,"2010-03-29",0,0.00806955529611066,0.0548996542866778,10,"#FECC5C"
"442","1.24.11.10","1.24.11",-16.4301999,-71.60113861,"2011-11-15",0,0.00806625671435702,0.0559837453862917,9,"#FECC5C"
"443","1.24.10.119","1.24.10",-16.43221528,-71.59974942,"2013-11-27",1,0.0080555003789898,0.055719510402753,7,"#FECC5C"
"444","1.24.10.180","1.24.10",-16.433992,-71.59965619,"2013-12-04",0,0.00805356005151251,0.055070700429353,7,"#FECC5C"
"445","1.24.11.94","1.24.11",-16.42898353,-71.60141788,"2013-11-02",0,0.00804504324216211,0.0554201633668742,7,"#FECC5C"
"446","1.24.10.151","1.24.10",-16.43223963,-71.6003504,"2013-11-15",0,0.008016927398139,0.0555264236502776,7,"#FECC5C"
"447","1.24.10.94","1.24.10",-16.43154013,-71.59948614,"2005-03-09",0,0.00800728880537368,0.0554962871496758,15,"#FECC5C"
"448","1.24.11.81","1.24.11",-16.42919709,-71.60082754,"2011-12-03",0,0.00799659567668382,0.0556603535940428,9,"#FECC5C"
"449","1.24.10.134D","1.24.10",-16.43073323,-71.60139406,"2005-03-11",0,0.00799277259265319,0.0549590508999146,15,"#FECC5C"
"450","1.24.11.83","1.24.11",-16.4290252,-71.60105264,"2015-07-08",0,0.00799215874567552,0.0555746087218033,5,"#FECC5C"
"451","1.24.10.98","1.24.10",-16.43127676,-71.5994799,"2011-12-09",0,0.0079908650367082,0.0552507017878116,9,"#FECC5C"
"452","1.24.10.152","1.24.10",-16.43224431,-71.60050108,"2011-12-09",0,0.00798468771912208,0.0553166704223765,9,"#FECC5C"
"453","1.24.11.95","1.24.11",-16.42902741,-71.60134164,"2011-12-01",0,0.00797654869216453,0.0552108890572277,9,"#FECC5C"
"454","1.24.11.56","1.24.11",-16.42917288,-71.60010443,"2011-12-03",0,0.00797494147420223,0.0550540604465618,9,"#FECC5C"
"455","1.24.10.31","1.24.10",-16.43307212,-71.59836267,"2013-11-27",0,0.00797440877551048,0.0552202478058864,7,"#FECC5C"
"456","1.24.10.134E","1.24.10",-16.43072363,-71.60135416,"2005-03-14",0,0.00796830082829517,0.0548657042559002,15,"#FECC5C"
"457","1.24.10.170","1.24.10",-16.43260605,-71.60001508,"2005-03-18",0,0.00796257687931356,0.0552368563921772,15,"#FECC5C"
"458","1.24.11.18","1.24.11",-16.43025327,-71.60143924,"2011-11-15",0,0.00796140132915358,0.0552340841122788,9,"#FECC5C"
"459","1.24.10.221A","1.24.10",-16.4347167,-71.59970217,"2010-03-29",0,0.00796021569740307,0.0545494715868834,10,"#FECC5C"
"460","1.24.10.214","1.24.10",-16.43516256,-71.59872615,"2010-03-29",0,0.00795917961278068,0.0544699054481209,10,"#FECC5C"
"461","1.24.10.27","1.24.10",-16.4332954,-71.59821848,"2005-03-18",0,0.00794130861021491,0.0550379963574385,15,"#FECC5C"
"462","1.24.10.32","1.24.10",-16.43309129,-71.59843435,"2011-12-09",0,0.00794027101162747,0.0550690384553589,9,"#FECC5C"
"463","1.24.10.21","1.24.10",-16.43342488,-71.59871185,"2011-10-31",0,0.00793464619743408,0.0550434938113531,9,"#FECC5C"
"464","1.24.10.8","1.24.10",-16.43347907,-71.59809157,"2011-12-09",0,0.00793011434719464,0.0549212153342326,9,"#FECC5C"
"465","1.24.11.48","1.24.11",-16.42931817,-71.6002423,"2013-11-15",0,0.00792990593187998,0.0550507245752421,7,"#FECC5C"
"466","1.24.10.124","1.24.10",-16.43184537,-71.60019641,"2011-10-31",0,0.00792753366841611,0.0551825835562207,9,"#FECC5C"
"467","1.24.11.57","1.24.11",-16.42909802,-71.60015606,"2013-11-13",0,0.00791670608229644,0.0547827511101326,7,"#FECC5C"
"468","1.24.11.92A","1.24.11",-16.42890078,-71.60152534,"2011-11-16",1,0.00791297907194375,0.0545834952133866,9,"#FECC5C"
"469","1.24.11.92","1.24.11",-16.42890078,-71.60152534,"2013-11-02",0,0.00791293211541422,0.0545833034142983,7,"#FECC5C"
"470","1.24.10.167","1.24.10",-16.43262172,-71.60036712,"2013-11-13",0,0.00791020021790662,0.0547898692727034,7,"#FECC5C"
"471","1.24.10.164","1.24.10",-16.4325622,-71.60050428,"2013-11-18",0,0.00789803861803363,0.0547477218424176,7,"#FECC5C"
"472","1.24.10.113","1.24.10",-16.43172082,-71.5989599,"2010-03-26",0,0.00786979145154343,0.0549470435905163,10,"#FECC5C"
"473","1.24.10.12","1.24.10",-16.43359546,-71.5985942,"2005-03-18",1,0.00786519017836093,0.0545950398546765,15,"#FECC5C"
"474","1.24.10.96","1.24.10",-16.43126325,-71.59965062,"2005-03-11",0,0.0078504452836136,0.0545288619826484,15,"#FECC5C"
"475","1.24.11.49","1.24.11",-16.42935517,-71.60017036,"2011-12-03",0,0.00782872319140589,0.054506624049126,9,"#FECC5C"
"476","1.24.10.37","1.24.10",-16.43274953,-71.5986947,"2013-12-09",0,0.00780912137714657,0.0545372902954599,7,"#FECC5C"
"477","1.24.10.48","1.24.10",-16.43280699,-71.59946429,"2010-03-26",0,0.00780803146658276,0.0544732682425246,10,"#FECC5C"
"478","1.24.10.121","1.24.10",-16.4322019,-71.59994954,"2010-03-26",0,0.00779558373720457,0.0544968143844314,10,"#FECC5C"
"479","1.24.10.145","1.24.10",-16.43186402,-71.6005,"2013-11-13",0,0.00777824535081265,0.0543312214507249,7,"#FECC5C"
"480","1.24.10.116","1.24.10",-16.43186997,-71.599187,"2011-10-29",0,0.00777628606586639,0.0545353529452662,9,"#FECC5C"
"481","1.24.10.146","1.24.10",-16.43194764,-71.60046726,"2013-11-15",1,0.00776814297219549,0.0543018192282408,7,"#FECC5C"
"482","1.24.10.2","1.24.10",-16.43477024,-71.59838977,"2005-03-18",1,0.00776747885319883,0.0537173699174277,15,"#FECC5C"
"483","1.24.11.23","1.24.11",-16.42972933,-71.60135703,"2011-12-06",0,0.00776277380442018,0.0541857150860362,9,"#FECC5C"
"484","1.24.10.39B","1.24.10",-16.43266226,-71.59858354,"2013-12-09",1,0.00776196658849466,0.0542904217014878,7,"#FECC5C"
"485","1.24.10.39","1.24.10",-16.43266226,-71.59858354,"2010-03-29",0,0.00776192041539082,0.054290230449836,10,"#FECC5C"
"486","1.24.10.34","1.24.10",-16.43295264,-71.59857867,"2013-12-09",0,0.00775676473535189,0.0542260348271177,7,"#FECC5C"
"487","1.24.11.65","1.24.11",-16.42851663,-71.60076311,"2011-12-02",0,0.00775436291204759,0.0540870855179736,9,"#FECC5C"
"488","1.24.11.63","1.24.11",-16.42865437,-71.60064922,"2011-12-01",0,0.00774128439138387,0.0540900365611957,9,"#FFFFB2"
"489","1.24.11.32","1.24.11",-16.42993199,-71.60083557,"2013-11-15",0,0.00773284393034648,0.0542753899854782,7,"#FFFFB2"
"490","1.24.10.65","1.24.10",-16.43192196,-71.59860498,"2013-11-06",0,0.00773257722209476,0.0543554128945554,7,"#FFFFB2"
"491","1.24.11.38","1.24.11",-16.42979692,-71.60050259,"2013-11-13",0,0.00772999285808029,0.0541104648235271,7,"#FFFFB2"
"492","1.24.10.144","1.24.10",-16.43178119,-71.60053453,"2013-11-11",0,0.00772902694674097,0.0540671662329065,7,"#FFFFB2"
"493","1.24.11.93","1.24.11",-16.42893585,-71.60146086,"2013-11-02",0,0.00772289760943981,0.0538155557297488,7,"#FFFFB2"
"494","1.24.11.52","1.24.11",-16.42956864,-71.60029692,"2015-07-08",0,0.00771300672975318,0.0539881743058955,5,"#FFFFB2"
"495","1.24.10.38","1.24.10",-16.43270556,-71.59863461,"2013-12-09",0,0.00771265717703877,0.0540661848202599,7,"#FFFFB2"
"496","1.24.10.91","1.24.10",-16.43166773,-71.5994508,"2010-03-26",0,0.00770728422473813,0.0541023599725071,10,"#FFFFB2"
"497","1.24.10.14","1.24.10",-16.43363414,-71.59876421,"2013-12-06",0,0.00770553351949233,0.0537890452500086,7,"#FFFFB2"
"498","1.24.11.77","1.24.11",-16.42888665,-71.60065537,"2013-11-04",0,0.00767755076045824,0.0540857147436726,7,"#FFFFB2"
"499","1.24.10.74","1.24.10",-16.43219653,-71.59847226,"2005-03-08",0,0.00766377252912498,0.0539103483800099,15,"#FFFFB2"
"500","1.24.11.62","1.24.11",-16.4287278,-71.60057459,"2013-11-04",0,0.00765586020793442,0.0536954566759144,7,"#FFFFB2"
"501","1.24.10.102","1.24.10",-16.43146415,-71.59922837,"2013-12-03",0,0.00764957181750859,0.0537873460225192,7,"#FFFFB2"
"502","1.24.10.68","1.24.10",-16.43198982,-71.59831497,"2010-03-26",1,0.00764734423651757,0.0536136299473592,10,"#FFFFB2"
"503","1.24.10.140","1.24.10",-16.43141036,-71.60065616,"2013-11-15",0,0.00764497189993811,0.053450278736069,7,"#FFFFB2"
"504","1.24.10.76","1.24.10",-16.43227516,-71.59855223,"2010-03-26",0,0.00763766658102998,0.0538481671646218,10,"#FFFFB2"
"505","1.24.11.51","1.24.11",-16.42954522,-71.60019895,"2013-11-13",0,0.0076366930354594,0.0535588055032579,7,"#FFFFB2"
"506","1.24.11.3","1.24.11",-16.43045169,-71.60086805,"2011-12-06",0,0.00763442497667515,0.0535441333973699,9,"#FFFFB2"
"507","1.24.10.131A","1.24.10",-16.43167677,-71.60007028,"2013-12-03",1,0.00760157507744919,0.0535204272413289,7,"#FFFFB2"
"508","1.24.10.131","1.24.10",-16.43167677,-71.60007028,"2013-12-04",0,0.00760152986162266,0.0535202386902605,7,"#FFFFB2"
"509","1.24.10.40","1.24.10",-16.43261446,-71.59851578,"2013-12-09",0,0.00758739307884918,0.0534265440208218,7,"#FFFFB2"
"510","1.24.10.81","1.24.10",-16.432625,-71.59886501,"2013-11-07",0,0.00756297232171756,0.0534366271075803,7,"#FFFFB2"
"511","1.24.10.115","1.24.10",-16.43181358,-71.59911656,"2011-12-09",0,0.0075428062171402,0.0534059236329203,9,"#FFFFB2"
"512","1.24.10.101","1.24.10",-16.43140036,-71.59929953,"2011-12-09",0,0.0075304219492319,0.0531603167661783,9,"#FFFFB2"
"513","1.24.11.12","1.24.11",-16.43000781,-71.60127716,"2011-11-15",0,0.00752333197562393,0.0532763762586254,9,"#FFFFB2"
"514","1.24.10.180A","1.24.10",-16.43397715,-71.59960821,"2005-03-15",0,0.00752207125400902,0.052464064718178,15,"#FFFFB2"
"515","1.24.10.41","1.24.10",-16.43256334,-71.5984448,"2013-12-09",0,0.00751663922983077,0.0530739115342974,7,"#FFFFB2"
"516","1.24.11.58","1.24.11",-16.42902548,-71.60022961,"2013-11-13",0,0.00750768763989468,0.0528512973824572,7,"#FFFFB2"
"517","1.24.11.44","1.24.11",-16.42948473,-71.60057406,"2011-12-03",0,0.00750146370377957,0.0530870637424075,9,"#FFFFB2"
"518","1.24.10.62","1.24.10",-16.43174255,-71.59863238,"2011-10-29",1,0.00749454384395614,0.0531755028000162,9,"#FFFFB2"
"519","1.24.10.62A","1.24.10",-16.43174255,-71.59863238,"2011-10-29",1,0.00749454384395614,0.0531755028000162,9,"#FFFFB2"
"520","1.24.10.80","1.24.10",-16.43250895,-71.59883339,"2013-11-07",0,0.0074928804352613,0.0531578625582044,7,"#FFFFB2"
"521","1.24.10.50","1.24.10",-16.43268134,-71.59957213,"2010-03-29",0,0.00748655085438891,0.0529682522963264,10,"#FFFFB2"
"522","1.24.10.103","1.24.10",-16.43152421,-71.59914769,"2013-12-04",0,0.00748448655944955,0.0530149503316431,7,"#FFFFB2"
"523","1.24.10.86","1.24.10",-16.43228791,-71.59907467,"2013-11-07",0,0.00747143839160493,0.0530876274526729,7,"#FFFFB2"
"524","1.24.11.61","1.24.11",-16.4287711,-71.60049834,"2011-12-02",0,0.00746684764899433,0.0527812807786872,9,"#FFFFB2"
"525","1.24.11.28","1.24.11",-16.43004293,-71.60103171,"2013-11-12",0,0.00745524420287822,0.0530121863325889,7,"#FFFFB2"
"526","1.24.10.87","1.24.10",-16.43200898,-71.59930337,"2013-11-07",0,0.00745287487843281,0.0529382135817798,7,"#FFFFB2"
"527","1.24.10.153","1.24.10",-16.43228319,-71.60055429,"2011-12-09",0,0.00744919058275406,0.0526990289024904,9,"#FFFFB2"
"528","1.24.10.112","1.24.10",-16.4316456,-71.59888512,"2010-03-26",0,0.00744598543380686,0.0528248698362999,10,"#FFFFB2"
"529","1.24.11.86","1.24.11",-16.42888174,-71.60117479,"2010-03-25",0,0.00744246795096948,0.0528961278189934,10,"#FFFFB2"
"530","1.24.11.69","1.24.11",-16.42829891,-71.60103398,"2011-12-01",0,0.00742906925947616,0.0523643506125611,9,"#FFFFB2"
"531","1.24.10.165","1.24.10",-16.43251999,-71.60044254,"2011-12-09",0,0.007409125555858,0.0524314234094912,9,"#FFFFB2"
"532","1.24.11.60","1.24.11",-16.42882634,-71.600439,"2011-12-03",0,0.00740773104864923,0.0525244984856484,9,"#FFFFB2"
"533","1.24.11.5","1.24.11",-16.4303363,-71.60074386,"2011-12-03",0,0.00740218606217436,0.0523304146649274,9,"#FFFFB2"
"534","1.24.10.157","1.24.10",-16.43245349,-71.60077864,"2013-11-11",0,0.00739838063495002,0.0522963807350981,7,"#FFFFB2"
"535","1.24.10.84","1.24.10",-16.43249861,-71.59896344,"2013-12-05",0,0.00739171697863191,0.0526613086434718,7,"#FFFFB2"
"536","1.24.10.111","1.24.10",-16.4316033,-71.59878793,"2005-03-10",0,0.00738777468249834,0.0524658736592082,15,"#FFFFB2"
"537","1.24.10.25","1.24.10",-16.43330119,-71.59844127,"2013-10-29",1,0.0073830458083424,0.0523981505990293,7,"#FFFFB2"
"538","1.24.11.27","1.24.11",-16.42997595,-71.60110612,"2011-12-06",0,0.00737984803400982,0.0526178140202864,9,"#FFFFB2"
"539","1.24.10.213","1.24.10",-16.43518768,-71.59863795,"2013-12-12",0,0.00737939511607826,0.0518054156527226,7,"#FFFFB2"
"540","1.24.10.211","1.24.10",-16.43511166,-71.59853785,"2010-03-29",0,0.00736356298708721,0.0517724339018112,10,"#FFFFB2"
"541","1.24.11.4","1.24.11",-16.43042731,-71.60081269,"2010-03-25",0,0.00734638506039609,0.0520849580789902,10,"#FFFFB2"
"542","1.24.10.128","1.24.10",-16.43141074,-71.60041162,"2013-12-03",0,0.00733544784798701,0.0520550663991132,7,"#FFFFB2"
"543","1.24.11.24","1.24.11",-16.42976627,-71.60129183,"2011-12-03",0,0.00733392192854049,0.0521736126987599,9,"#FFFFB2"
"544","1.24.9.28","1.24.9",-16.44333545,-71.58660048,"2010-03-31",0,0.00733155474138947,0.0516177050502081,10,"#FFFFB2"
"545","1.24.10.150","1.24.10",-16.43219741,-71.60036573,"2013-11-11",0,0.00732327543552625,0.0521892938513127,7,"#FFFFB2"
"546","1.24.10.161","1.24.10",-16.43267703,-71.60068458,"2013-11-21",0,0.00732098076114239,0.0518557003786796,7,"#FFFFB2"
"547","1.24.10.163","1.24.10",-16.43260476,-71.60055501,"2010-03-29",0,0.00731794999011565,0.051901920056218,10,"#FFFFB2"
"548","1.24.11.88","1.24.11",-16.42879334,-71.60129582,"2015-07-08",0,0.00731779533234129,0.052223565153749,5,"#FFFFB2"
"549","1.24.10.114","1.24.10",-16.43176761,-71.59904204,"2011-12-09",0,0.00731078871887153,0.0522579494599721,9,"#FFFFB2"
"550","1.24.10.67","1.24.10",-16.43203261,-71.59845635,"2013-11-06",0,0.00730526947148891,0.0521332506319893,7,"#FFFFB2"
"551","1.24.10.104A","1.24.10",-16.43151013,-71.59903036,"2013-12-04",1,0.0072987484757725,0.052075758019629,7,"#FFFFB2"
"552","1.24.10.104","1.24.10",-16.43151013,-71.59903036,"2013-12-04",0,0.0072987042357163,0.0520755704361771,7,"#FFFFB2"
"553","1.24.10.171","1.24.10",-16.43265143,-71.59996352,"2005-03-16",0,0.00729096735110613,0.0520105251432006,15,"#FFFFB2"
"554","1.24.10.19","1.24.10",-16.43341773,-71.5988134,"2005-03-07",0,0.00728550813383381,0.0518636581476898,15,"#FFFFB2"
"555","1.24.10.154","1.24.10",-16.43231956,-71.6006151,"2011-12-09",0,0.00727458992739396,0.0517984792135505,9,"#FFFFB2"
"556","1.24.10.87A","1.24.10",-16.43198328,-71.59935006,"2013-11-07",0,0.00726955978547709,0.0520428033316687,7,"#FFFFB2"
"557","1.24.11.6","1.24.11",-16.43029707,-71.60074826,"2010-03-25",0,0.00726290628589418,0.0516784898577948,10,"#FFFFB2"
"558","1.24.10.26","1.24.10",-16.43329747,-71.59832948,"2013-12-02",0,0.00724949007325304,0.0516972826274702,7,"#FFFFB2"
"559","1.24.10.123","1.24.10",-16.43193357,-71.60015449,"2010-03-26",0,0.00723908669143775,0.0518397376702888,10,"#FFFFB2"
"560","1.24.10.126","1.24.10",-16.43164582,-71.60029226,"2011-12-07",0,0.00722479468915332,0.051665639386312,9,"#FFFFB2"
"561","1.24.10.61","1.24.10",-16.43181589,-71.59869332,"2011-12-06",0,0.00721897293758421,0.0518547654084403,9,"#FFFFB2"
"562","1.24.10.25A","1.24.10",-16.43332033,-71.5984039,"2005-03-07",0,0.00721450403745735,0.0515525260541867,15,"#FFFFB2"
"563","1.24.11.87","1.24.11",-16.42882999,-71.60124224,"2011-12-02",0,0.00721298019950033,0.0517437408363507,9,"#FFFFB2"
"564","1.24.11.6A","1.24.11",-16.43027607,-71.60072738,"2004-09-18",1,0.0072016089214222,0.0513712912907313,16,"#FFFFB2"
"565","1.24.10.90","1.24.10",-16.43182347,-71.59945579,"2013-11-07",0,0.00719361346940807,0.0516010631432112,7,"#FFFFB2"
"566","1.24.10.45","1.24.10",-16.43271423,-71.59911385,"2010-03-26",0,0.00718447676111082,0.0513704196424367,10,"#FFFFB2"
"567","1.24.11.37","1.24.11",-16.42973928,-71.60055754,"2013-11-12",0,0.00717316056634373,0.0514515765527631,7,"#FFFFB2"
"568","1.24.10.73","1.24.10",-16.4321444,-71.5986014,"2013-11-06",0,0.00716485148546854,0.0515992009758965,7,"#FFFFB2"
"569","1.24.10.77","1.24.10",-16.4323188,-71.59859462,"2013-11-27",0,0.00715664471031927,0.0515121509239975,7,"#FFFFB2"
"570","1.24.11.43","1.24.11",-16.42956305,-71.60049463,"2013-11-12",0,0.00715185619758598,0.0513075472129667,7,"#FFFFB2"
"571","1.24.11.72","1.24.11",-16.42856518,-71.60104115,"2011-12-02",0,0.00714173488618918,0.0513206543233277,9,"#FFFFB2"
"572","1.24.10.107","1.24.10",-16.43154436,-71.59897504,"2010-03-26",0,0.00712389355525769,0.0512203785098427,10,"#FFFFB2"
"573","1.24.11.85","1.24.11",-16.42891165,-71.60113048,"2011-11-16",0,0.00711982673139804,0.0513241244903566,9,"#FFFFB2"
"574","1.24.10.48A","1.24.10",-16.43277892,-71.59950097,"2005-03-08",0,0.00711726856876908,0.0511239323525059,15,"#FFFFB2"
"575","1.24.10.66","1.24.10",-16.43197001,-71.59852639,"2013-11-06",0,0.00710829885856723,0.0512430523821442,7,"#FFFFB2"
"576","1.24.10.88","1.24.10",-16.43194085,-71.59936236,"2013-12-09",0,0.007107738941949,0.0512337352204,7,"#FFFFB2"
"577","1.24.11.66","1.24.11",-16.42847237,-71.60083007,"2011-12-01",0,0.00710720268809744,0.0509105655849101,9,"#FFFFB2"
"578","1.24.10.176","1.24.10",-16.43365745,-71.59954621,"2010-03-29",0,0.00710467770917463,0.050787184286405,10,"#FFFFB2"
"579","1.24.11.68","1.24.11",-16.42834443,-71.60097043,"2005-03-10",0,0.00707854729992601,0.0506968488922924,15,"#FFFFB2"
"580","1.24.11.50","1.24.11",-16.429459,-71.60011343,"2011-11-16",0,0.00707676387808683,0.0507559243040064,9,"#FFFFB2"
"581","1.24.11.87A","1.24.11",-16.42881272,-71.60127022,"2005-03-10",0,0.00707217422720456,0.0510343799764752,15,"#FFFFB2"
"582","1.24.10.100","1.24.10",-16.43136359,-71.599364,"2013-12-03",0,0.00705020619850647,0.0507710145799891,7,"#FFFFB2"
"583","1.24.10.75","1.24.10",-16.43223736,-71.59851151,"2013-11-27",0,0.00703172267966857,0.050846530795335,7,"#FFFFB2"
"584","1.24.10.70","1.24.10",-16.43213283,-71.59842296,"2010-03-29",0,0.00701007234946218,0.0506378228380916,10,"#FFFFB2"
"585","1.24.11.76","1.24.11",-16.42882186,-71.60071347,"2013-11-04",0,0.00700485467644895,0.0507550880332087,7,"#FFFFB2"
"586","1.24.10.13","1.24.10",-16.43361775,-71.59869114,"2013-12-06",1,0.00696728229955067,0.050186238426268,7,"#FFFFB2"
"587","1.24.10.110","1.24.10",-16.43159394,-71.59884093,"2011-12-09",0,0.00696705205707825,0.0504082698837552,9,"#FFFFB2"
"588","1.24.10.177","1.24.10",-16.43368973,-71.59959919,"2010-03-29",0,0.00696101693434957,0.0500834474287203,10,"#FFFFB2"
"589","1.24.10.72","1.24.10",-16.43210469,-71.59863961,"2011-10-29",0,0.00695319950653547,0.0505984002424357,9,"#FFFFB2"
"590","1.24.10.83","1.24.10",-16.43255412,-71.59892727,"2010-03-26",0,0.00693556771016329,0.0503760629233385,10,"#FFFFB2"
"591","1.24.10.155","1.24.10",-16.43235494,-71.60066366,"2011-12-09",0,0.00690522878675022,0.0499333203646463,9,"#FFFFB2"
"592","1.24.10.139","1.24.10",-16.43132709,-71.60069664,"2013-11-11",1,0.00689697552019571,0.0497260287929428,7,"#FFFFB2"
"593","1.24.11.25","1.24.11",-16.42981765,-71.6012356,"2011-12-06",0,0.00689681618436713,0.0500850143233793,9,"#FFFFB2"
"594","1.24.10.148","1.24.10",-16.43206723,-71.60042202,"2013-11-11",0,0.00684684525428566,0.0497910696177068,7,"#FFFFB2"
"595","1.24.10.109","1.24.10",-16.43158228,-71.59888884,"2013-12-09",0,0.00683867758234949,0.0497823476759407,7,"#FFFFB2"
"596","1.24.10.147","1.24.10",-16.43200803,-71.6004402,"2010-03-26",0,0.00683692589422035,0.0497313428921653,10,"#FFFFB2"
"597","1.24.10.82","1.24.10",-16.43259027,-71.59889835,"2013-11-07",0,0.00683497292746442,0.0498573874979109,7,"#FFFFB2"
"598","1.24.11.39","1.24.11",-16.42986072,-71.60046793,"2013-11-15",0,0.00678641788527774,0.049407831684946,7,"#FFFFB2"
"599","1.24.10.11","1.24.10",-16.43357225,-71.59849849,"2013-12-06",0,0.00675252543670116,0.0491147859898289,7,"#FFFFB2"
"600","1.24.11.42","1.24.11",-16.42961753,-71.60045263,"2011-12-03",0,0.0067507743019762,0.0492722709131676,9,"#FFFFB2"
"601","1.24.10.175","1.24.10",-16.43361018,-71.59947221,"2010-03-29",0,0.00669372478345335,0.0487204652722435,10,"#FFFFB2"
"602","1.24.10.162","1.24.10",-16.43264361,-71.60062025,"2013-11-21",0,0.00667615228966389,0.0486627112707263,7,"#FFFFB2"
"603","1.24.10.49","1.24.10",-16.43273874,-71.59952013,"2010-03-29",0,0.00665588530484123,0.0488219927076221,10,"#FFFFB2"
"604","1.24.11.84","1.24.11",-16.42895923,-71.60111294,"2015-07-08",0,0.00660719917132931,0.0487478664994542,5,"#FFFFB2"
"605","1.24.10.108","1.24.10",-16.4315619,-71.59893218,"2013-12-09",0,0.00658544431244832,0.0485072116837814,7,"#FFFFB2"
"606","1.24.10.89A","1.24.10",-16.43187946,-71.59939815,"2013-12-09",1,0.00655782377996421,0.0484363187328049,7,"#FFFFB2"
"607","1.24.10.89","1.24.10",-16.43187946,-71.59939815,"2013-11-07",0,0.00655778285885793,0.0484361385054511,7,"#FFFFB2"
"608","1.24.10.69C","1.24.10",-16.43207123,-71.59837534,"2013-12-09",1,0.00654200706976167,0.0482055025069583,7,"#FFFFB2"
"609","1.24.10.69","1.24.10",-16.43207123,-71.59837534,"2010-03-26",0,0.0065419663985532,0.0482053239318901,10,"#FFFFB2"
